step,time,threshold,roi_max_r,analysis_mode,mesh_index,n_components,lumen_node_fraction,largest_component_fraction,second_component_fraction,centroid_x,centroid_y,centroid_z,largest_centroid_x,largest_centroid_y,largest_centroid_z,total_component_volume,largest_component_volume,second_component_volume,min_pairwise_centroid_distance,mean_pairwise_centroid_distance,min_gap,edge_components,ref_n_components,ref_largest_component_fraction,ref_second_component_fraction,ref_centroid_x,ref_centroid_y,ref_centroid_z,ref_largest_centroid_x,ref_largest_centroid_y,ref_largest_centroid_z,ref_total_component_volume,ref_largest_component_volume,ref_second_component_volume,ref_min_pairwise_centroid_distance,ref_mean_pairwise_centroid_distance,ref_min_gap,ref_edge_components,def_n_components,def_largest_component_fraction,def_second_component_fraction,def_centroid_x,def_centroid_y,def_centroid_z,def_largest_centroid_x,def_largest_centroid_y,def_largest_centroid_z,def_total_component_volume,def_largest_component_volume,def_second_component_volume,def_min_pairwise_centroid_distance,def_mean_pairwise_centroid_distance,def_min_gap,def_edge_components
0,0.0,0.5,,scientific,0,4,0.003870967741935484,0.25000000003115835,0.2500000000311582,0.007804570421642356,0.0227754300805396,nan,-0.009659180067777119,0.4981020078334965,nan,0.0043061512127377955,0.0010765378033186215,0.0010765378033186206,0.5878570413974071,0.7382511411286349,0.5508342038205016,0,4,0.25000000003115835,0.2500000000311582,0.007804570421642356,0.0227754300805396,nan,-0.009659180067777119,0.4981020078334965,nan,0.0043061512127377955,0.0010765378033186215,0.0010765378033186206,0.5878570413974071,0.7382511411286349,0.5508342038205016,0,4,0.25000000003115835,0.2500000000311582,0.007804570421642356,0.0227754300805396,nan,-0.009659180067777119,0.4981020078334965,nan,0.0043061512127377955,0.0010765378033186215,0.0010765378033186206,0.5878570413974071,0.7382511411286349,0.5508342038205016,0
1,0.0005,0.5,,scientific,0,4,0.005806451612903226,0.4000854437086114,0.20052806392185285,0.008792077167847395,0.11299458348583001,nan,0.002924766772288158,0.4825461494395591,nan,0.004634968020784884,0.0018543832371709446,0.000929441163547695,0.5764914946679258,0.7216634533953181,0.5421131503119682,0,4,0.4000000000398826,0.20000000001994123,0.009534487931123138,0.11541741929829419,nan,0.0033974889502033775,0.4920436919783121,nan,0.005382689016056416,0.002153075606637242,0.0010765378033186206,0.5878570413974071,0.7356196568708091,0.5508342038205016,0,4,0.4000854437086114,0.20052806392185285,0.008792077167847395,0.11299458348583001,nan,0.002924766772288158,0.4825461494395591,nan,0.004634968020784884,0.0018543832371709446,0.000929441163547695,0.5764914946679258,0.7216634533953181,0.5421131503119682,0
2,0.001,0.5,,scientific,0,4,0.00967741935483871,0.3181247054011428,0.27247873574199205,0.04343877384382155,0.0596565816213807,nan,-0.007514815472841503,0.46895227188283045,nan,0.020417958324317816,0.006495456976816416,0.0055634594706428005,0.5790818213407806,0.7144240576092339,0.5062486179104967,0,4,0.31818181825259345,0.27272727278793685,0.044221801011172984,0.060845230544399775,nan,-0.007828209961704958,0.4776212007106843,nan,0.0236838316677415,0.0075357646232303436,0.006459226819911713,0.5908942104889877,0.7280823971004143,0.5124785821516179,0,4,0.3181247054011428,0.27247873574199205,0.04343877384382155,0.0596565816213807,nan,-0.007514815472841503,0.46895227188283045,nan,0.020417958324317816,0.006495456976816416,0.0055634594706428005,0.5790818213407806,0.7144240576092339,0.5062486179104967,0
3,0.0015,0.5,,scientific,0,4,0.014838709677419355,0.2887548722345539,0.26606313290092726,0.037848306929218006,0.041927645114347656,nan,0.47422389183592983,0.02183021832181019,nan,0.04184693373871068,0.012083506005129247,0.011133926292818876,0.5734348235515732,0.7234897840052348,0.46453161509086194,0,4,0.2888888889508516,0.26666666672386297,0.03879513775444192,0.043208477634379676,nan,0.48345112791603384,0.02194446729942823,nan,0.048444201138947304,0.013994991443142065,0.012918453639823444,0.5854060518073985,0.7378141389071388,0.4683295596355664,0,4,0.2887548722345539,0.26606313290092726,0.037848306929218006,0.041927645114347656,nan,0.47422389183592983,0.02183021832181019,nan,0.04184693373871068,0.012083506005129247,0.011133926292818876,0.5734348235515732,0.7234897840052348,0.46453161509086194,0
4,0.002,0.5,,scientific,0,4,0.023225806451612905,0.2803611655223322,0.26243656707783686,0.020744351422279345,0.04355853356377918,nan,-0.00413745712584546,0.4809325173185209,nan,0.05292899602495129,0.014839235015482233,0.01389050401566469,0.5752321329853549,0.7206256919658451,0.451112332546964,0,4,0.28070175446824747,0.2631578948139821,0.021643904439047856,0.04480202538294523,nan,-0.004282299533190499,0.49045392751806394,nan,0.06136265477117399,0.017224604853097916,0.0161480670497793,0.5876192578792389,0.7350694350260714,0.4541315186587861,0,4,0.2803611655223322,0.26243656707783686,0.020744351422279345,0.04355853356377918,nan,-0.00413745712584546,0.4809325173185209,nan,0.05292899602495129,0.014839235015482233,0.01389050401566469,0.5752321329853549,0.7206256919658451,0.451112332546964,0
5,0.0025,0.5,,scientific,0,4,0.02903225806451613,0.2918036149113642,0.2629425566887462,0.0333649577672871,0.04466560659702968,nan,0.47016996531331395,0.027421798454222435,nan,0.06692779392690396,0.019529772205913423,0.017598165248677668,0.5714943333072177,0.7157365674939963,0.43382871178599836,0,4,0.2916666667361176,0.2638888889517251,0.03423375669661189,0.0460120591351936,nan,0.4793544570325391,0.027771576111186212,nan,0.07751072182048405,0.022607293869691035,0.02045421826305377,0.5841423948441243,0.7301379837154153,0.4361234432394656,0,4,0.2918036149113642,0.2629425566887462,0.0333649577672871,0.04466560659702968,nan,0.47016996531331395,0.027421798454222435,nan,0.06692779392690396,0.019529772205913423,0.017598165248677668,0.5714943333072177,0.7157365674939963,0.43382871178599836,0
6,0.003,0.5,,scientific,0,4,0.031612903225806455,0.27096498178141004,0.259861234830539,0.01647801878100451,0.03795362786818407,nan,-0.005388712519923898,0.4768078954389646,nan,0.08580267835833924,0.023249521178163576,0.022296789949965604,0.573258972259819,0.717985341138707,0.4131829715722779,0,4,0.2717391306140764,0.26086956538951356,0.01774763314061044,0.039372100988156904,nan,-0.005602770570001444,0.48632568523835473,nan,0.09904147783996528,0.02691344508296548,0.02583690727964688,0.5863302229984175,0.7326568569700762,0.41467399485846385,0,4,0.27096498178141004,0.259861234830539,0.01647801878100451,0.03795362786818407,nan,-0.005388712519923898,0.4768078954389646,nan,0.08580267835833924,0.023249521178163576,0.022296789949965604,0.573258972259819,0.717985341138707,0.4131829715722779,0
7,0.0035,0.5,,scientific,0,4,0.03741935483870968,0.27474220891956097,0.27442631289178265,0.029554071235938745,0.042142892228424725,nan,0.46432482893247057,0.029829033447310426,nan,0.10191519911383763,0.028000406927012632,0.027968212320442335,0.5702485475302697,0.7141362258464028,0.399230973673002,0,4,0.2752293579659394,0.2752293579659394,0.030499133751549407,0.043763151943244157,nan,-0.005237503675198588,0.4859729759490703,nan,0.11734262049019979,0.032296134099558574,0.032296134099558574,0.5836785737083178,0.7289050724784504,0.40043441897285587,0,4,0.27474220891956097,0.27442631289178265,0.029554071235938745,0.042142892228424725,nan,0.46432482893247057,0.029829033447310426,nan,0.10191519911383763,0.028000406927012632,0.027968212320442335,0.5702485475302697,0.7141362258464028,0.399230973673002,0
8,0.004,0.5,,scientific,0,4,0.043225806451612905,0.2699100654712716,0.2618188914276817,0.02549941896295742,0.03567864212868025,nan,0.4730667959677093,0.024457731248718795,nan,0.12495112868420474,0.03372556732386298,0.032714565994736086,0.5631849181779092,0.716730177523966,0.37018425554888873,0,4,0.2706766920090707,0.2631578950088188,0.026812222183648638,0.037513329782680724,nan,0.4825121442359932,0.024670467900155365,nan,0.1431795276933987,0.03875536091947029,0.03767882311615168,0.5768562138955697,0.7316994633309228,0.37072177842684506,0,4,0.2699100654712716,0.2618188914276817,0.02549941896295742,0.03567864212868025,nan,0.4730667959677093,0.024457731248718795,nan,0.12495112868420474,0.03372556732386298,0.032714565994736086,0.5631849181779092,0.716730177523966,0.37018425554888873,0
9,0.0045000000000000005,0.5,,scientific,0,4,0.04967741935483871,0.2659688812638459,0.2657847141663962,0.01803455896840022,0.03877202083687049,nan,0.4712720350063304,0.023036673002844704,nan,0.13725080083918323,0.036504441951764485,0.036479164870151286,0.5681147721793086,0.7201812632497152,0.36586663510151113,0,4,0.26712328804962937,0.2671232880496292,0.019578433154594847,0.04065468316638291,nan,-0.009396271539725732,0.49516117399022086,nan,0.15717451906187113,0.04198497432942616,0.04198497432942614,0.5824584109401957,0.7354621897625493,0.3666033758890971,0,4,0.2659688812638459,0.2657847141663962,0.01803455896840022,0.03877202083687049,nan,0.4712720350063304,0.023036673002844704,nan,0.13725080083918323,0.036504441951764485,0.036479164870151286,0.5681147721793086,0.7201812632497152,0.36586663510151113,0
10,0.005000000000000001,0.5,,scientific,0,4,0.06,0.2654179670825895,0.25914651338193645,0.01196474682792472,0.039081061082397006,nan,-0.005904066400659156,0.48337636462710803,nan,0.15159909338625854,0.04023712317814439,0.039286376482911486,0.5673084934582139,0.7207507139564471,0.3531803946769346,0,4,0.2670807456932445,0.26086956556084356,0.013924117843959548,0.041274248529917616,nan,-0.006324680511444359,0.4933590122890423,nan,0.1733225861061069,0.046291125542700616,0.04521458773938201,0.5822701609348503,0.736325335562253,0.35412515631719343,0,4,0.2654179670825895,0.25914651338193645,0.01196474682792472,0.039081061082397006,nan,-0.005904066400659156,0.48337636462710803,nan,0.15159909338625854,0.04023712317814439,0.039286376482911486,0.5673084934582139,0.7207507139564471,0.3531803946769346,0
11,0.005500000000000001,0.5,,scientific,0,4,0.06516129032258064,0.2703828017212004,0.27010393500802743,0.02694737326583048,0.039281113494194476,nan,0.47747711557820766,0.029993025690961708,nan,0.1739885486869187,0.04704351126137456,0.04699499164667251,0.5531477613148903,0.7161014809252833,0.3275424092620234,0,4,0.2717391307689367,0.2717391307689366,0.028702465605055516,0.04160807724074895,nan,-0.005131770972252233,0.48665681520358617,nan,0.19808295556704586,0.05382689016593095,0.05382689016593093,0.5686477055116724,0.7318865896303494,0.3287122955497184,0,4,0.2703828017212004,0.27010393500802743,0.02694737326583048,0.039281113494194476,nan,0.47747711557820766,0.029993025690961708,nan,0.1739885486869187,0.04704351126137456,0.04699499164667251,0.5531477613148903,0.7161014809252833,0.3275424092620234,0
12,0.006000000000000002,0.5,,scientific,0,4,0.0696774193548387,0.2707167329987563,0.2704253667821693,0.028044194543168335,0.03700007354417862,nan,0.47367269084314023,0.0220449315505149,nan,0.20250180366705667,0.054820626715101156,0.054761624530714634,0.5549240990806869,0.72020750563143,0.3117400224750326,0,4,0.27230047003031194,0.2723004700303117,0.029919480028268858,0.03961070968904702,nan,0.48345112791603395,0.021944467299428234,nan,0.2293025516464563,0.062439192592479924,0.062439192592479875,0.5712640181429921,0.7362678430334268,0.3134606277466739,0,4,0.2707167329987563,0.2704253667821693,0.028044194543168335,0.03700007354417862,nan,0.47367269084314023,0.0220449315505149,nan,0.20250180366705667,0.054820626715101156,0.054761624530714634,0.5549240990806869,0.72020750563143,0.3117400224750326,0
13,0.006500000000000002,0.5,,scientific,0,4,0.07483870967741936,0.25486713836869296,0.25459756095965824,0.008821302466587926,0.027276899512458624,nan,0.47562206232170495,0.023585867134744636,nan,0.21819731255533018,0.055611324650716276,0.05555250358453928,0.5481158019265857,0.7208858254705922,0.28708264683572415,0,4,0.2576419220238048,0.2576419220238046,0.011584387927198223,0.030622892115804486,nan,0.48544688892344573,0.02334756037244252,nan,0.24652715636056316,0.06351573039579855,0.0635157303957985,0.5654488992414074,0.7372444648874422,0.2896377701900449,0,4,0.25486713836869296,0.25459756095965824,0.008821302466587926,0.027276899512458624,nan,0.47562206232170495,0.023585867134744636,nan,0.21819731255533018,0.055611324650716276,0.05555250358453928,0.5481158019265857,0.7208858254705922,0.28708264683572415,0
14,0.007000000000000003,0.5,,scientific,0,4,0.08258064516129032,0.25880709226530996,0.2503829169015499,0.011913745470402425,0.02547223420731103,nan,0.48029299373427664,0.027050659539542752,nan,0.24520986517195653,0.06346205219992276,0.061396361294790244,0.5353518859203553,0.7207370655092594,0.258561306782339,0,4,0.2617187507441905,0.2539062507219754,0.014961802739530326,0.029116712126717976,nan,0.4901294804214331,0.026639593672111897,nan,0.27559367686592345,0.0721280328223476,0.06997495721571023,0.5536062194368393,0.7373153046300169,0.2620975860824273,0,4,0.25880709226530996,0.2503829169015499,0.011913745470402425,0.02547223420731103,nan,0.48029299373427664,0.027050659539542752,nan,0.24520986517195653,0.06346205219992276,0.061396361294790244,0.5353518859203553,0.7207370655092594,0.258561306782339,0
15,0.007500000000000003,0.5,,scientific,0,4,0.0935483870967742,0.256124967698929,0.2523300193554602,0.011318063719618725,0.02239062242498395,nan,0.48167329135857684,0.022997737584268,nan,0.27445791473964054,0.07029552454740584,0.06925397093851274,0.52369982145493,0.7196565531310218,0.23063777665542912,0,4,0.25964912351936664,0.25614035157991516,0.014770916496644046,0.02638985899112251,nan,0.4915392789056226,0.02227697092973184,nan,0.3068132731040629,0.079663797445578,0.07858725964225921,0.5430861506358011,0.7364816963098496,0.23555136537944507,0,4,0.256124967698929,0.2523300193554602,0.011318063719618725,0.02239062242498395,nan,0.48167329135857684,0.022997737584268,nan,0.27445791473964054,0.07029552454740584,0.06925397093851274,0.52369982145493,0.7196565531310218,0.23063777665542912,0
16,0.008000000000000004,0.5,,scientific,0,3,0.10709677419354839,0.5243483763888329,0.24269571281543706,-0.006428654506778984,0.009839811730166728,nan,-0.22293238933736081,-0.21900222001337194,nan,0.3050648330643474,0.1599602499106209,0.0740379271154741,0.6731353245478879,0.7196658877096266,0.3614702385992875,0,3,0.5142857128928436,0.24761904832913828,-0.0019744785456639116,0.014836186608802125,nan,-0.22717382147818832,-0.22293787816651175,nan,0.3391094070729098,0.17439912316516096,0.08396994865885228,0.6891274763199472,0.7345094492265726,0.35582908352492565,0,3,0.5243483763888329,0.24269571281543706,-0.006428654506778984,0.009839811730166728,nan,-0.22293238933736081,-0.21900222001337194,nan,0.3050648330643474,0.1599602499106209,0.0740379271154741,0.6731353245478879,0.7196658877096266,0.3614702385992875,0
17,0.008500000000000004,0.5,,scientific,0,3,0.11806451612903225,0.5455294042889066,0.2288874537178169,-0.016486729391358784,-0.0013643251131083883,nan,-0.2313456636386319,-0.21736930532796922,nan,0.336119014443496,0.18336280571953478,0.07693342536211392,0.6724363315913485,0.7240520877896491,0.3447494957985029,0,3,0.5333333321114491,0.2347826093103893,-0.011241109570662463,0.004527245566099723,nan,-0.2355162635205297,-0.22116365686621312,nan,0.37140554117246416,0.1980829548381663,0.08719956206880836,0.6888476622027673,0.7387926508720687,0.3389356355531604,0,3,0.5455294042889066,0.2288874537178169,-0.016486729391358784,-0.0013643251131083883,nan,-0.2313456636386319,-0.21736930532796922,nan,0.336119014443496,0.18336280571953478,0.07693342536211392,0.6724363315913485,0.7240520877896491,0.3447494957985029,0
18,0.009000000000000005,0.5,,scientific,0,3,0.12516129032258064,0.539635189239462,0.2330750541811353,-0.009110358486179467,0.000822511874533884,nan,-0.22829482246713717,-0.21905964275249704,nan,0.36841002938267486,0.1988070159236355,0.0858671875592406,0.6770244991167462,0.7286742191333602,0.3349806671583362,0,3,0.5265957429079455,0.23936170302407314,-0.0034480284736633014,0.007164575805873813,nan,-0.23230935029042027,-0.22268335338180045,nan,0.4047782125319013,0.21315448354118685,0.09688840229867612,0.6938895945306776,0.7432404826492802,0.32907563251676963,0,3,0.539635189239462,0.2330750541811353,-0.009110358486179467,0.000822511874533884,nan,-0.22829482246713717,-0.21905964275249704,nan,0.36841002938267486,0.1988070159236355,0.0858671875592406,0.6770244991167462,0.7286742191333602,0.3349806671583362,0
19,0.009500000000000005,0.5,,scientific,0,3,0.13225806451612904,0.5487428758208409,0.2257549316426374,-0.017591430207340622,-0.0012054525541298727,nan,-0.2316958552836107,-0.22082456266768552,nan,0.4019644245373406,0.2205751142982897,0.09074545118419941,0.6828911281899709,0.7347037756113992,0.3205406777439007,0,3,0.5343137235420312,0.23284313822898509,-0.011351962481409891,0.0057970574559241565,nan,-0.23556997289515919,-0.22423435407002498,nan,0.4392274219165211,0.23468523928598314,0.10227109131526928,0.700248954191392,0.7491165830171841,0.31458191493496857,0,3,0.5487428758208409,0.2257549316426374,-0.017591430207340622,-0.0012054525541298727,nan,-0.2316958552836107,-0.22082456266768552,nan,0.4019644245373406,0.2205751142982897,0.09074545118419941,0.6828911281899709,0.7347037756113992,0.3205406777439007,0
20,0.010000000000000005,0.5,,scientific,0,3,0.1432258064516129,0.5519224810090512,0.22514465636124892,-0.01760546879747918,-0.005530586127004743,nan,-0.22847428313750504,-0.22400073526789144,nan,0.4244268562967893,0.23425072353419596,0.0955574387114258,0.6805974522104906,0.732392992383875,0.3099037207758324,0,3,0.5361305340358489,0.2331002341528391,-0.010757403883591761,0.0019825526166235923,nan,-0.232104067624441,-0.22737733100255628,nan,0.4618347155381894,0.24760369267778384,0.10765378033186178,0.6985760441870891,0.7467460708183672,0.30409714494544077,0,3,0.5519224810090512,0.22514465636124892,-0.01760546879747918,-0.005530586127004743,nan,-0.22847428313750504,-0.22400073526789144,nan,0.4244268562967893,0.23425072353419596,0.0955574387114258,0.6805974522104906,0.732392992383875,0.3099037207758324,0
21,0.010500000000000006,0.5,,scientific,0,3,0.14903225806451612,0.5597175020342456,0.22470980165217008,-0.01903398473562953,-0.01108867052155559,nan,-0.23033362888663106,-0.22277650840606492,nan,0.4521873116152109,0.2530971525088469,0.10161092110268206,0.6875573070052585,0.7366755766411179,0.2971861691328212,0,3,0.5428571401916225,0.23296703432542384,-0.01176984913015007,-0.00317620593904307,nan,-0.23393515598749168,-0.22601731092420638,nan,0.4898246976538902,0.26590483456361697,0.11411300715177419,0.7061437431997624,0.751039600255132,0.29158270142168946,0,3,0.5597175020342456,0.22470980165217008,-0.01903398473562953,-0.01108867052155559,nan,-0.23033362888663106,-0.22277650840606492,nan,0.4521873116152109,0.2530971525088469,0.10161092110268206,0.6875573070052585,0.7366755766411179,0.2971861691328212,0
22,0.011000000000000006,0.5,,scientific,0,3,0.16,0.5628836890300526,0.2228456347449129,-0.02262820625438276,-0.012534343321131423,nan,-0.23453809042774587,-0.22240315314035022,nan,0.4829393541409382,0.2718386852366423,0.10762092691683565,0.6860662936731416,0.7377027248026841,0.2822383221763669,0,3,0.5454545429650014,0.23140495994509092,-0.015056564336828957,-0.004378695863215721,nan,-0.23803603925277486,-0.2254396209112349,nan,0.5210442939524548,0.2842059772223581,0.12057223397168597,0.7053186074738657,0.7520634590927844,0.2766279355695035,0,3,0.5628836890300526,0.2228456347449129,-0.02262820625438276,-0.012534343321131423,nan,-0.23453809042774587,-0.22240315314035022,nan,0.4829393541409382,0.2718386852366423,0.10762092691683565,0.6860662936731416,0.7377027248026841,0.2822383221763669,0
23,0.011500000000000007,0.5,,scientific,0,3,0.16903225806451613,0.5618673667522363,0.22105611061014618,-0.023095637161540516,-0.0116792727804966,nan,-0.2333160011971018,-0.2270275051850639,nan,0.5095257612471821,0.2862858977643828,0.11263378303697602,0.6838436200476115,0.7394489711727589,0.2758981028568228,0,3,0.5442043194260092,0.22986247684119443,-0.015382166192472433,-0.0033448333015952086,nan,-0.23661261285170904,-0.23003278240732727,nan,0.5479577385538129,0.29820096818389286,0.1259549229882791,0.7038648839621089,0.7539202279667269,0.2706304955876081,0,3,0.5618673667522363,0.22105611061014618,-0.023095637161540516,-0.0116792727804966,nan,-0.2333160011971018,-0.2270275051850639,nan,0.5095257612471821,0.2862858977643828,0.11263378303697602,0.6838436200476115,0.7394489711727589,0.2758981028568228,0
24,0.012000000000000007,0.5,,scientific,0,3,0.17806451612903226,0.5599527197577335,0.22006229522505594,-0.02202816400244406,-0.012291289811487227,nan,-0.23200445157646252,-0.22952325073015725,nan,0.5350088719710379,0.29957967295469967,0.1177352803317147,0.6835578531803116,0.7391459976382061,0.2637889874693231,0,3,0.5422138807544657,0.2288930596227679,-0.014321573685586635,-0.003929542541082709,nan,-0.23517688042920232,-0.23251546613357613,nan,0.5737946455053113,0.3111194214955678,0.1313376120048722,0.7044335895345751,0.7538428746060916,0.25878049383190715,0,3,0.5599527197577335,0.22006229522505594,-0.02202816400244406,-0.012291289811487227,nan,-0.23200445157646252,-0.22952325073015725,nan,0.5350088719710379,0.29957967295469967,0.1177352803317147,0.6835578531803116,0.7391459976382061,0.2637889874693231,0
25,0.012500000000000008,0.5,,scientific,0,3,0.18387096774193548,0.564631386319776,0.22408196849522113,-0.023157143444579024,-0.012634106470866716,nan,-0.2351460307406444,-0.2243844368074,nan,0.5576345778448097,0.314857984748358,0.12495585390446659,0.6753817208501196,0.736059627073122,0.2518064925215755,0,3,0.5469314051591682,0.23285198698991044,-0.015476152519989272,-0.004373629411066411,nan,-0.23840010462701372,-0.2272579659374043,nan,0.5964019393749906,0.32619095074201665,0.13887337662810267,0.6971389894052875,0.751058720502801,0.24718430636726021,0,3,0.564631386319776,0.22408196849522113,-0.023157143444579024,-0.012634106470866716,nan,-0.2351460307406444,-0.2243844368074,nan,0.5576345778448097,0.314857984748358,0.12495585390446659,0.6753817208501196,0.736059627073122,0.2518064925215755,0
26,0.013000000000000008,0.5,,scientific,0,3,0.1929032258064516,0.5618651304671173,0.22078757560457696,-0.022762706528285933,-0.010656118460467526,nan,-0.23386752642963687,-0.22437672750448406,nan,0.5854385074846181,0.3289374833883194,0.1292575487330908,0.677834513520949,0.7357882370747508,0.23453727561086946,0,3,0.5448275788871335,0.22931034851519488,-0.015418620625574331,-0.0027464360603639453,nan,-0.23709734271676994,-0.22722721942567572,nan,0.6243919158837681,0.3401859358076521,0.1431795278413771,0.7004330691322663,0.7511516683749077,0.23032839106349653,0,3,0.5618651304671173,0.22078757560457696,-0.022762706528285933,-0.010656118460467526,nan,-0.23386752642963687,-0.22437672750448406,nan,0.5854385074846181,0.3289374833883194,0.1292575487330908,0.677834513520949,0.7357882370747508,0.23453727561086946,0
27,0.013500000000000009,0.5,,scientific,0,3,0.20258064516129032,0.5572637556897608,0.2222713035244915,-0.019675511915396935,-0.008378197953343377,nan,-0.23251512503835334,-0.22545859104545343,nan,0.6153669048052963,0.342921672498983,0.1367784040769049,0.6707023557340325,0.7330245697864267,0.21966155631695575,0,3,0.5411184139964279,0.23026316143548342,-0.012675947161684506,-0.0009461387296518087,nan,-0.23563749857138613,-0.2284055484789804,nan,0.6545349743529634,0.3541809272270682,0.1507152924646064,0.6940053176746177,0.7486750637217036,0.21595583339744773,0,3,0.5572637556897608,0.2222713035244915,-0.019675511915396935,-0.008378197953343377,nan,-0.23251512503835334,-0.22545859104545343,nan,0.6153669048052963,0.342921672498983,0.1367784040769049,0.6707023557340325,0.7330245697864267,0.21966155631695575,0
28,0.014000000000000009,0.5,,scientific,0,3,0.2135483870967742,0.5591269374423555,0.22416321998924743,-0.0191818649459981,-0.010386766571190077,nan,-0.23125762877862846,-0.2247252560089033,nan,0.6568660031246489,0.3672714766370857,0.14724519836188837,0.6623636476291702,0.7273070054920323,0.2003369213211236,0,3,0.5440494486447054,0.23183926340099825,-0.01270471680063664,-0.0035602467625267717,nan,-0.2343994327520701,-0.22767355354492488,nan,0.6965199428644253,0.37894129088543227,0.16148067049779374,0.6863621485996262,0.7432994982214467,0.1972848676933586,0,3,0.5591269374423555,0.22416321998924743,-0.0191818649459981,-0.010386766571190077,nan,-0.23125762877862846,-0.2247252560089033,nan,0.6568660031246489,0.3672714766370857,0.14724519836188837,0.6623636476291702,0.7273070054920323,0.2003369213211236,0
29,0.01450000000000001,0.5,,scientific,0,2,0.22451612903225807,0.5441545941906906,0.4558454058093094,-0.013700133085731224,-0.0005666401115008778,nan,-0.23143625263917122,-0.22101778683760892,nan,0.7025586834443533,0.3823005352848079,0.3202581481595454,0.67972854620344,0.67972854620344,0.011605019947696915,0,2,0.5304347706307145,0.4695652293692854,-0.007928831822037893,0.005619236311830184,nan,-0.2346634368934988,-0.22395985664984588,nan,0.7428110653417306,0.3940128170664976,0.348798248275233,0.6871649751843569,0.6871649751843569,-0.00018484855367806308,0,2,0.5441545941906906,0.4558454058093094,-0.013700133085731224,-0.0005666401115008778,nan,-0.23143625263917122,-0.22101778683760892,nan,0.7025586834443533,0.3823005352848079,0.3202581481595454,0.67972854620344,0.67972854620344,0.011605019947696915,0
30,0.01500000000000001,0.5,,scientific,0,2,0.23741935483870968,0.5399348470525832,0.4600651529474169,-0.014008703989026709,0.002795388060805543,nan,-0.22887488767903982,-0.21791199753637244,nan,0.7568131134046423,0.40862977263352485,0.3481833407711175,0.6695241230736783,0.6695241230736783,-0.024041006076705895,0,2,0.5276653019881541,0.47233469801184597,-0.009005377984519556,0.0082841738397072,nan,-0.23211598387736768,-0.22079958930197477,nan,0.7977144866712025,0.4209262555096854,0.37678823116151716,0.6770148384595946,0.6770148384595946,-0.035341695441526044,0,2,0.5399348470525832,0.4600651529474169,-0.014008703989026709,0.002795388060805543,nan,-0.22887488767903982,-0.21791199753637244,nan,0.7568131134046423,0.40862977263352485,0.3481833407711175,0.6695241230736783,0.6695241230736783,-0.024041006076705895,0
31,0.01550000000000001,0.5,,scientific,0,1,0.2561290322580645,1.0,0.0,-0.008478399121316392,0.005643263335049033,nan,-0.008478399121316392,0.005643263335049033,nan,0.8050543118423783,0.8050543118423783,0.0,0.0,0.0,nan,0,1,1.0,0.0,-0.004070891643080752,0.010277897620248578,nan,-0.004070891643080752,0.010277897620248578,nan,0.8461586878258425,0.8461586878258425,0.0,0.0,0.0,nan,0,1,1.0,0.0,-0.008478399121316392,0.005643263335049033,nan,-0.008478399121316392,0.005643263335049033,nan,0.8050543118423783,0.8050543118423783,0.0,0.0,0.0,nan,0
32,0.01600000000000001,0.5,,scientific,0,1,0.267741935483871,1.0,0.0,-0.007569522170064312,0.006716191509656639,nan,-0.007569522170064312,0.006716191509656639,nan,0.8507485664830727,0.8507485664830727,0.0,0.0,0.0,nan,0,1,1.0,0.0,-0.003658319719321793,0.010667972228987561,nan,-0.003658319719321793,0.010667972228987561,nan,0.8913732750546185,0.8913732750546185,0.0,0.0,0.0,nan,0,1,1.0,0.0,-0.007569522170064312,0.006716191509656639,nan,-0.007569522170064312,0.006716191509656639,nan,0.8507485664830727,0.8507485664830727,0.0,0.0,0.0,nan,0
33,0.01650000000000001,0.5,,scientific,0,1,0.2787096774193548,1.0,0.0,-0.008111975726812916,0.00937641976612214,nan,-0.008111975726812916,0.00937641976612214,nan,0.8875250086258225,0.8875250086258225,0.0,0.0,0.0,nan,0,1,1.0,0.0,-0.0045363401719134685,0.012860506010123734,nan,-0.0045363401719134685,0.012860506010123734,nan,0.9268990215801556,0.9268990215801556,0.0,0.0,0.0,nan,0,1,1.0,0.0,-0.008111975726812916,0.00937641976612214,nan,-0.008111975726812916,0.00937641976612214,nan,0.8875250086258225,0.8875250086258225,0.0,0.0,0.0,nan,0
34,0.01700000000000001,0.5,,scientific,0,1,0.2929032258064516,1.0,0.0,-0.0059732961917147555,0.008025157031065485,nan,-0.0059732961917147555,0.008025157031065485,nan,0.9262637256736762,0.9262637256736762,0.0,0.0,0.0,nan,0,1,1.0,0.0,-0.0026814440993609733,0.011015776413060124,nan,-0.0026814440993609733,0.011015776413060124,nan,0.96457784270173,0.96457784270173,0.0,0.0,0.0,nan,0,1,1.0,0.0,-0.0059732961917147555,0.008025157031065485,nan,-0.0059732961917147555,0.008025157031065485,nan,0.9262637256736762,0.9262637256736762,0.0,0.0,0.0,nan,0
35,0.017500000000000012,0.5,,scientific,0,1,0.3006451612903226,1.0,0.0,-0.005631532397714432,0.00972875650622526,nan,-0.005631532397714432,0.00972875650622526,nan,0.953527490597851,0.953527490597851,0.0,0.0,0.0,nan,0,1,1.0,0.0,-0.00271576990701065,0.012331738961968458,nan,-0.00271576990701065,0.012331738961968458,nan,0.9904147499813761,0.9904147499813761,0.0,0.0,0.0,nan,0,1,1.0,0.0,-0.005631532397714432,0.00972875650622526,nan,-0.005631532397714432,0.00972875650622526,nan,0.953527490597851,0.953527490597851,0.0,0.0,0.0,nan,0
36,0.018000000000000013,0.5,,scientific,0,1,0.3116129032258064,1.0,0.0,-0.002066387428717354,0.007677197346759963,nan,-0.002066387428717354,0.007677197346759963,nan,0.9889636287633058,0.9889636287633058,0.0,0.0,0.0,nan,0,1,1.0,0.0,0.0006692923710143961,0.00994820021117805,nan,0.0006692923710143961,0.00994820021117805,nan,1.024863959688151,1.024863959688151,0.0,0.0,0.0,nan,0,1,1.0,0.0,-0.002066387428717354,0.007677197346759963,nan,-0.002066387428717354,0.007677197346759963,nan,0.9889636287633058,0.9889636287633058,0.0,0.0,0.0,nan,0
37,0.018500000000000013,0.5,,scientific,0,1,0.3225806451612903,1.0,0.0,-0.0020320427633179114,0.005814540035113409,nan,-0.0020320427633179114,0.005814540035113409,nan,1.0212005433859441,1.0212005433859441,0.0,0.0,0.0,nan,0,1,1.0,0.0,0.0004577543218482703,0.007917935948096966,nan,0.0004577543218482703,0.007917935948096966,nan,1.0560835459624096,1.0560835459624096,0.0,0.0,0.0,nan,0,1,1.0,0.0,-0.0020320427633179114,0.005814540035113409,nan,-0.0020320427633179114,0.005814540035113409,nan,1.0212005433859441,1.0212005433859441,0.0,0.0,0.0,nan,0
38,0.019000000000000013,0.5,,scientific,0,1,0.32903225806451614,1.0,0.0,-0.0005531758706206033,0.005666183381346955,nan,-0.0005531758706206033,0.005666183381346955,nan,1.0540928359712025,1.0540928359712025,0.0,0.0,0.0,nan,0,1,1.0,0.0,0.001736819901653444,0.007567453883303447,nan,0.001736819901653444,0.007567453883303447,nan,1.0883796686256013,1.0883796686256013,0.0,0.0,0.0,nan,0,1,1.0,0.0,-0.0005531758706206033,0.005666183381346955,nan,-0.0005531758706206033,0.005666183381346955,nan,1.0540928359712025,1.0540928359712025,0.0,0.0,0.0,nan,0
39,0.019500000000000014,0.5,,scientific,0,1,0.34,1.0,0.0,-0.001405163873064183,0.006292202931256181,nan,-0.001405163873064183,0.006292202931256181,nan,1.0869413413748588,1.0869413413748588,0.0,0.0,0.0,nan,0,1,1.0,0.0,0.0007219233544516341,0.008135354462637148,nan,0.0007219233544516341,0.008135354462637148,nan,1.1206758022296341,1.1206758022296341,0.0,0.0,0.0,nan,0,1,1.0,0.0,-0.001405163873064183,0.006292202931256181,nan,-0.001405163873064183,0.006292202931256181,nan,1.0869413413748588,1.0869413413748588,0.0,0.0,0.0,nan,0
40,0.020000000000000014,0.5,,scientific,0,1,0.34903225806451615,1.0,0.0,-0.0022538607646178134,0.007176252962493539,nan,-0.0022538607646178134,0.007176252962493539,nan,1.120360951025086,1.120360951025086,0.0,0.0,0.0,nan,0,1,1.0,0.0,-0.00027449669976252613,0.008936632946381425,nan,-0.00027449669976252613,0.008936632946381425,nan,1.1540484610843733,1.1540484610843733,0.0,0.0,0.0,nan,0,1,1.0,0.0,-0.0022538607646178134,0.007176252962493539,nan,-0.0022538607646178134,0.007176252962493539,nan,1.120360951025086,1.120360951025086,0.0,0.0,0.0,nan,0
41,0.020500000000000015,0.5,,scientific,0,1,0.3561290322580645,1.0,0.0,-0.0010551747282172151,0.0074297782810024615,nan,-0.0010551747282172151,0.0074297782810024615,nan,1.1535677001642715,1.1535677001642715,0.0,0.0,0.0,nan,0,1,1.0,0.0,0.0008312945681961358,0.009142098845140006,nan,0.0008312945681961358,0.009142098845140006,nan,1.187421132987163,1.187421132987163,0.0,0.0,0.0,nan,0,1,1.0,0.0,-0.0010551747282172151,0.0074297782810024615,nan,-0.0010551747282172151,0.0074297782810024615,nan,1.1535677001642715,1.1535677001642715,0.0,0.0,0.0,nan,0
42,0.021000000000000015,0.5,,scientific,0,1,0.3664516129032258,1.0,0.0,-0.0014053997327574147,0.0076975684299179885,nan,-0.0014053997327574147,0.0076975684299179885,nan,1.1888505545614207,1.1888505545614207,0.0,0.0,0.0,nan,0,1,1.0,0.0,0.00037068042753242425,0.00940099078563605,nan,0.00037068042753242425,0.00940099078563605,nan,1.224023417261144,1.224023417261144,0.0,0.0,0.0,nan,0,1,1.0,0.0,-0.0014053997327574147,0.0076975684299179885,nan,-0.0014053997327574147,0.0076975684299179885,nan,1.1888505545614207,1.1888505545614207,0.0,0.0,0.0,nan,0
43,0.021500000000000016,0.5,,scientific,0,1,0.3825806451612903,1.0,0.0,0.0008335269032019123,0.009593041608337632,nan,0.0008335269032019123,0.009593041608337632,nan,1.2224450527087036,1.2224450527087036,0.0,0.0,0.0,nan,0,1,1.0,0.0,0.00250170589031472,0.011259240194446473,nan,0.00250170589031472,0.011259240194446473,nan,1.2595491564888086,1.2595491564888086,0.0,0.0,0.0,nan,0,1,1.0,0.0,0.0008335269032019123,0.009593041608337632,nan,0.0008335269032019123,0.009593041608337632,nan,1.2224450527087036,1.2224450527087036,0.0,0.0,0.0,nan,0
44,0.022000000000000016,0.5,,scientific,0,1,0.39806451612903226,1.0,0.0,0.0038567176188793917,0.010180595537532805,nan,0.0038567176188793917,0.010180595537532805,nan,1.2760861633523692,1.2760861633523692,0.0,0.0,0.0,nan,0,1,1.0,0.0,0.005455681641227085,0.011794951923369651,nan,0.005455681641227085,0.011794951923369651,nan,1.3187587356712667,1.3187587356712667,0.0,0.0,0.0,nan,0,1,1.0,0.0,0.0038567176188793917,0.010180595537532805,nan,0.0038567176188793917,0.010180595537532805,nan,1.2760861633523692,1.2760861633523692,0.0,0.0,0.0,nan,0
45,0.022500000000000017,0.5,,scientific,0,1,0.40774193548387094,1.0,0.0,0.004762515824760762,0.011082540906304268,nan,0.004762515824760762,0.011082540906304268,nan,1.3079331042719966,1.3079331042719966,0.0,0.0,0.0,nan,0,1,1.0,0.0,0.006223332357503378,0.01262063095604101,nan,0.006223332357503378,0.01262063095604101,nan,1.353207930984203,1.353207930984203,0.0,0.0,0.0,nan,0,1,1.0,0.0,0.004762515824760762,0.011082540906304268,nan,0.004762515824760762,0.011082540906304268,nan,1.3079331042719966,1.3079331042719966,0.0,0.0,0.0,nan,0
46,0.023000000000000017,0.5,,scientific,0,1,0.41483870967741937,1.0,0.0,0.002283800802954061,0.009343934752108148,nan,0.002283800802954061,0.009343934752108148,nan,1.3281222358813976,1.3281222358813976,0.0,0.0,0.0,nan,0,1,1.0,0.0,0.0035610146596586015,0.010733179656089843,nan,0.0035610146596586015,0.010733179656089843,nan,1.3725856100455154,1.3725856100455154,0.0,0.0,0.0,nan,0,1,1.0,0.0,0.002283800802954061,0.009343934752108148,nan,0.002283800802954061,0.009343934752108148,nan,1.3281222358813976,1.3281222358813976,0.0,0.0,0.0,nan,0
47,0.023500000000000017,0.5,,scientific,0,1,0.41935483870967744,1.0,0.0,0.003597245725085129,0.009406782578081,nan,0.003597245725085129,0.009406782578081,nan,1.3430160679220406,1.3430160679220406,0.0,0.0,0.0,nan,0,1,1.0,0.0,0.004617933590666925,0.010597573738157434,nan,0.004617933590666925,0.010597573738157434,nan,1.3865805902859327,1.3865805902859327,0.0,0.0,0.0,nan,0,1,1.0,0.0,0.003597245725085129,0.009406782578081,nan,0.003597245725085129,0.009406782578081,nan,1.3430160679220406,1.3430160679220406,0.0,0.0,0.0,nan,0
48,0.024000000000000018,0.5,,scientific,0,1,0.42451612903225805,1.0,0.0,0.002995730273297931,0.009483959593036884,nan,0.002995730273297931,0.009483959593036884,nan,1.3630627231065684,1.3630627231065684,0.0,0.0,0.0,nan,0,1,1.0,0.0,0.0037688320034266567,0.010464276130932168,nan,0.0037688320034266567,0.010464276130932168,nan,1.4059582707088691,1.4059582707088691,0.0,0.0,0.0,nan,0,1,1.0,0.0,0.002995730273297931,0.009483959593036884,nan,0.002995730273297931,0.009483959593036884,nan,1.3630627231065684,1.3630627231065684,0.0,0.0,0.0,nan,0
49,0.02450000000000002,0.5,,scientific,0,1,0.4296774193548387,1.0,0.0,0.0031191592175979946,0.008206397746193252,nan,0.0031191592175979946,0.008206397746193252,nan,1.3785796602492044,1.3785796602492044,0.0,0.0,0.0,nan,0,1,1.0,0.0,0.0036683051294445043,0.009016500863452606,nan,0.0036683051294445043,0.009016500863452606,nan,1.4210297875569622,1.4210297875569622,0.0,0.0,0.0,nan,0,1,1.0,0.0,0.0031191592175979946,0.008206397746193252,nan,0.0031191592175979946,0.008206397746193252,nan,1.3785796602492044,1.3785796602492044,0.0,0.0,0.0,nan,0
50,0.02500000000000002,0.5,,scientific,0,1,0.432258064516129,1.0,0.0,0.003223912388671622,0.009092160220264343,nan,0.003223912388671622,0.009092160220264343,nan,1.3956308964976807,1.3956308964976807,0.0,0.0,0.0,nan,0,1,1.0,0.0,0.003611236469908565,0.009745034611432618,nan,0.003611236469908565,0.009745034611432618,nan,1.4382543924100604,1.4382543924100604,0.0,0.0,0.0,nan,0,1,1.0,0.0,0.003223912388671622,0.009092160220264343,nan,0.003223912388671622,0.009092160220264343,nan,1.3956308964976807,1.3956308964976807,0.0,0.0,0.0,nan,0
51,0.02550000000000002,0.5,,scientific,0,1,0.43806451612903224,1.0,0.0,0.002927644212712049,0.010420338004312931,nan,0.002927644212712049,0.010420338004312931,nan,1.417442202444354,1.417442202444354,0.0,0.0,0.0,nan,0,1,1.0,0.0,0.003217590370344211,0.010949325793089952,nan,0.003217590370344211,0.010949325793089952,nan,1.4608616862785977,1.4608616862785977,0.0,0.0,0.0,nan,0,1,1.0,0.0,0.002927644212712049,0.010420338004312931,nan,0.002927644212712049,0.010420338004312931,nan,1.417442202444354,1.417442202444354,0.0,0.0,0.0,nan,0
52,0.02600000000000002,0.5,,scientific,0,1,0.4432258064516129,1.0,0.0,0.0024905174098769876,0.012006676625691121,nan,0.0024905174098769876,0.012006676625691121,nan,1.4333803523362998,1.4333803523362998,0.0,0.0,0.0,nan,0,1,1.0,0.0,0.0027309189623380124,0.012438708532735192,nan,0.0027309189623380124,0.012438708532735192,nan,1.4780862911316959,1.4780862911316959,0.0,0.0,0.0,nan,0,1,1.0,0.0,0.0024905174098769876,0.012006676625691121,nan,0.0024905174098769876,0.012006676625691121,nan,1.4333803523362998,1.4333803523362998,0.0,0.0,0.0,nan,0
53,0.02650000000000002,0.5,,scientific,0,1,0.45161290322580644,1.0,0.0,0.0015937239851369417,0.01020772973893714,nan,0.0015937239851369417,0.01020772973893714,nan,1.4542156701341977,1.4542156701341977,0.0,0.0,0.0,nan,0,1,1.0,0.0,0.0018140676236997767,0.010649992893069971,nan,0.0018140676236997767,0.010649992893069971,nan,1.500693584639704,1.500693584639704,0.0,0.0,0.0,nan,0,1,1.0,0.0,0.0015937239851369417,0.01020772973893714,nan,0.0015937239851369417,0.01020772973893714,nan,1.4542156701341977,1.4542156701341977,0.0,0.0,0.0,nan,0
54,0.02700000000000002,0.5,,scientific,0,1,0.45806451612903226,1.0,0.0,0.0037047752288720663,0.009723576010821461,nan,0.0037047752288720663,0.009723576010821461,nan,1.4714984049641793,1.4714984049641793,0.0,0.0,0.0,nan,0,1,1.0,0.0,0.0038772182767257894,0.010194161514970925,nan,0.0038772182767257894,0.010194161514970925,nan,1.5200711914912686,1.5200711914912686,0.0,0.0,0.0,nan,0,1,1.0,0.0,0.0037047752288720663,0.009723576010821461,nan,0.0037047752288720663,0.009723576010821461,nan,1.4714984049641793,1.4714984049641793,0.0,0.0,0.0,nan,0
55,0.02750000000000002,0.5,,scientific,0,1,0.4638709677419355,1.0,0.0,0.0025980033203212762,0.009615291309040912,nan,0.0025980033203212762,0.009615291309040912,nan,1.4885324831713043,1.4885324831713043,0.0,0.0,0.0,nan,0,1,1.0,0.0,0.002776663840180125,0.010098251565572165,nan,0.002776663840180125,0.010098251565572165,nan,1.5394486262103662,1.5394486262103662,0.0,0.0,0.0,nan,0,1,1.0,0.0,0.0025980033203212762,0.009615291309040912,nan,0.0025980033203212762,0.009615291309040912,nan,1.4885324831713043,1.4885324831713043,0.0,0.0,0.0,nan,0
56,0.02800000000000002,0.5,,scientific,0,1,0.47096774193548385,1.0,0.0,0.003495493496460457,0.009996271572417677,nan,0.003495493496460457,0.009996271572417677,nan,1.5041236801225366,1.5041236801225366,0.0,0.0,0.0,nan,0,1,1.0,0.0,0.003661555002769335,0.010490795122396326,nan,0.003661555002769335,0.010490795122396326,nan,1.5577497688667825,1.5577497688667825,0.0,0.0,0.0,nan,0,1,1.0,0.0,0.003495493496460457,0.009996271572417677,nan,0.003495493496460457,0.009996271572417677,nan,1.5041236801225366,1.5041236801225366,0.0,0.0,0.0,nan,0
57,0.028500000000000022,0.5,,scientific,0,1,0.4761290322580645,1.0,0.0,0.0030708583320716407,0.011225387633268278,nan,0.0030708583320716407,0.011225387633268278,nan,1.5141257431991562,1.5141257431991562,0.0,0.0,0.0,nan,0,1,1.0,0.0,0.003253336260507558,0.011701254343752918,nan,0.003253336260507558,0.011701254343752918,nan,1.5706682205498648,1.5706682205498648,0.0,0.0,0.0,nan,0,1,1.0,0.0,0.0030708583320716407,0.011225387633268278,nan,0.0030708583320716407,0.011225387633268278,nan,1.5141257431991562,1.5141257431991562,0.0,0.0,0.0,nan,0
58,0.029000000000000022,0.5,,scientific,0,1,0.48129032258064514,1.0,0.0,0.0038961771681281956,0.010343519945704099,nan,0.0038961771681281956,0.010343519945704099,nan,1.5314581114690644,1.5314581114690644,0.0,0.0,0.0,nan,0,1,1.0,0.0,0.004075611814576601,0.010875486444702665,nan,0.004075611814576601,0.010875486444702665,nan,1.5911219233042844,1.5911219233042844,0.0,0.0,0.0,nan,0,1,1.0,0.0,0.0038961771681281956,0.010343519945704099,nan,0.0038961771681281956,0.010343519945704099,nan,1.5314581114690644,1.5314581114690644,0.0,0.0,0.0,nan,0
59,0.029500000000000023,0.5,,scientific,0,1,0.4864516129032258,1.0,0.0,0.0016254491780680962,0.006526653494832717,nan,0.0016254491780680962,0.006526653494832717,nan,1.5595905865198771,1.5595905865198771,0.0,0.0,0.0,nan,0,1,1.0,0.0,0.0018877690595089293,0.007210645166479943,nan,0.0018877690595089293,0.007210645166479943,nan,1.6223411636391074,1.6223411636391074,0.0,0.0,0.0,nan,0,1,1.0,0.0,0.0016254491780680962,0.006526653494832717,nan,0.0016254491780680962,0.006526653494832717,nan,1.5595905865198771,1.5595905865198771,0.0,0.0,0.0,nan,0
60,0.03,0.5,,scientific,0,1,0.49483870967741933,1.0,0.0,0.0015927712207299178,0.0060074389238724156,nan,0.0015927712207299178,0.0060074389238724156,nan,1.574472645524664,1.574472645524664,0.0,0.0,0.0,nan,0,1,1.0,0.0,0.0018789619499783498,0.006751705552937684,nan,0.0018789619499783498,0.006751705552937684,nan,1.6406418903694373,1.6406418903694373,0.0,0.0,0.0,nan,0,1,1.0,0.0,0.0015927712207299178,0.0060074389238724156,nan,0.0015927712207299178,0.0060074389238724156,nan,1.574472645524664,1.574472645524664,0.0,0.0,0.0,nan,0
